{
    "siteSetting": {
        "bgimg": "./img/bg-giainhat.jpg",
"iconimg": "./img/giaithuong-vang.png",
"btnquayso": "./img/btnquayso.png",
"btnImage": "true",
        "width": "1600",
        "height": "900",
        "boxBorder": "#fff842",
        "boxBg": "#17d0f4",
        "boxNumBg": "#055c6d",
        "boxNumColor": "#FFFFFF",
        "boxX": "33.3333",
        "boxY": "36",
        "btnQuaySoX": "43.2",
        "btnQuaySoY": "56",
        "ketquaX": "40",
        "ketquaY": "70",
        "anhX": "70",
        "anhY": "55",
        "lineHeight": "24",
        "fontSize": "18",
        "textAlign": "center",
        "textChucMung": "#ff0000",
        "textTen": "#0a05ff",
        "textMSDT": "#055c6d",
        "textDonVi": "#242424",
        "tblBorder": "#f0d234",
        "tblHeadBg": "#055c6d",
        "tblHeadCo": "#FFFFFF",
        "tblBgOdd": "#dfdfdf",
        "tblCoOdd": "#000000",
        "tblBgEven": "#ff0000",
        "tblCoEven": "#FFFFFF",
        "khuyenkhichX": "15",
        "khuyenkhichY": "35",
        "khuyenkhichWidth": "70",
        "khuyenkhichColumns": "3",
        "khuyenkhichChucMung": "#ffffff",
        "khuyenkhichMS": "#0eff6e",
        "khuyenkhichDonVi": "#ede400"
    }
}